Date,Session,Customer,Attended
2025-02-15,Hybrid office setup,Cedar Point Logistics,Yes
2025-02-15,Hybrid office setup,Halcyon Labs,No
2025-02-15,Hybrid office setup,Northgate Realty,Yes
2025-02-15,Hybrid office setup,Alder & Finch Architects,Yes
2025-02-15,Hybrid office setup,Juniper Schools,Yes
2025-02-15,Hybrid office setup,Granite Ridge Clinic,Yes
2025-02-15,Hybrid office setup,Elmstead Library,Yes
2025-04-15,Ergonomics 101,Granite Ridge Clinic,Yes
2025-04-15,Ergonomics 101,Ironwood Law Group,Yes
2025-04-15,Ergonomics 101,Foxglove Bakery,Yes
2025-04-15,Ergonomics 101,Elmstead Library,Yes
2025-04-15,Ergonomics 101,Kestrel Outdoor,Yes
2025-04-15,Ergonomics 101,Halcyon Labs,Yes
2025-04-15,Ergonomics 101,Driftwood Studios,Yes
2025-06-15,Going paperless,Marlow Accounting,Yes
2025-06-15,Going paperless,Oakhaven Vet,Yes
2025-06-15,Going paperless,Blue Harbor Dental,Yes
2025-06-15,Going paperless,Driftwood Studios,Yes
2025-06-15,Going paperless,Granite Ridge Clinic,Yes
2025-06-15,Going paperless,Kestrel Outdoor,Yes
2025-06-15,Going paperless,Larkspur Hotel,Yes
2025-09-15,Budgeting for Q4,Marlow Accounting,Yes
2025-09-15,Budgeting for Q4,Blue Harbor Dental,Yes
2025-09-15,Budgeting for Q4,Northgate Realty,Yes
2025-09-15,Budgeting for Q4,Alder & Finch Architects,Yes
2025-09-15,Budgeting for Q4,Foxglove Bakery,No
2025-09-15,Budgeting for Q4,Halcyon Labs,No
2025-09-15,Budgeting for Q4,Driftwood Studios,Yes
2025-11-15,Year-end ordering,Foxglove Bakery,Yes
2025-11-15,Year-end ordering,Oakhaven Vet,Yes
2025-11-15,Year-end ordering,Halcyon Labs,Yes
2025-11-15,Year-end ordering,Cedar Point Logistics,Yes
2025-11-15,Year-end ordering,Larkspur Hotel,Yes
2025-11-15,Year-end ordering,Driftwood Studios,Yes
2025-11-15,Year-end ordering,Marlow Accounting,Yes
